{
  "pools": [
    {
      "rolls": {
        "min": 9,
        "max": 16
      },
      "entries": [
        {
          "type": "minecraft:item",
          "name": "minecraft:emerald",
          "functions": [
            {
              "function": "minecraft:set_count",
              "count": {
                "min": 18,
                "max": 32
              }
            }
          ]
        }
      ]
    },
    {
      "rolls": {
        "min": 3,
        "max": 9
      },
      "entries": [
        {
          "type": "minecraft:item",
          "name": "minecraft:emerald_block",
          "functions": [
            {
              "function": "minecraft:set_count",
              "count": {
                "min": 3,
                "max": 8
              }
            }
          ]
        }
      ]
    }
  ]
}  