{
    "pools": [
      {
        "rolls": 13,
        "entries": [
          {
            "type": "minecraft:item",
            "name": "minecraft:redstone",
            "weight": 4,
            "functions": [
              {
                "function": "minecraft:set_count",
                "count": {
                  "min": 15,
                  "max": 30
                }
              }
            ]
          },
          {
            "type": "minecraft:item",
            "name": "minecraft:redstone_block",
            "weight": 5,
            "functions": [
              {
                "function": "minecraft:set_count",
                "count": {
                  "min": 5,
                  "max": 10
                }
              }
            ]
          }
        ]
      }
    ]
}