{
  "type": "minecraft:chest",
  "pools": [
    {
      "rolls": 1,
      "entries": [
        {
          "type": "minecraft:item",
          "name": "minecraft:diamond",
          "functions": [
            {
              "function": "minecraft:set_count",
              "count": 3
            }
          ]
        },
        {
          "type": "minecraft:item",
          "name": "minecraft:enchanted_book",
          "functions": [
            {
              "function": "minecraft:set_enchantments",
              "enchantments": {
                "annihilation:bless_of_annihilation_sigil": 1
              }
            }
          ]
        }
      ]
    },
    {
      "rolls": 7,
      "entries": [
        {
          "type": "minecraft:item",
          "name": "minecraft:netherite_ingot",
          "weight": 1,
          "functions": [
            {
              "function": "minecraft:set_count",
              "count": {
                "min": 1,
                "max": 2
              }
            }
          ]
        },
        {
          "type": "minecraft:item",
          "name": "minecraft:diamond",
          "weight": 4,
          "functions": [
            {
              "function": "minecraft:set_count",
              "count": {
                "min": 4,
                "max": 6
              }
            }
          ]
        },
        {
          "type": "minecraft:item",
          "name": "minecraft:iron_block",
          "weight": 6,
          "functions": [
            {
              "function": "minecraft:set_count",
              "count": {
                "min": 1,
                "max": 3
              }
            }
          ]
        },
        {
          "type": "minecraft:item",
          "name": "minecraft:gold_block",
          "weight": 6,
          "functions": [
            {
              "function": "minecraft:set_count",
              "count": {
                "min": 4,
                "max": 6
              }
            }
          ]
        },
        {
          "type": "minecraft:item",
          "name": "minecraft:red_shulker_box",
          "weight": 2,
          "functions": [
            {
              "function": "minecraft:set_name",
              "name": {
                "text": "Redstone box",
                "color": "dark_red",
                "italic": false
              }
            },
            {
              "function": "minecraft:set_loot_table",
              "type": "minecraft:shulker_box",
              "name": "annihilation:redstone_box_vanilla"
            }
          ]
        },
        {
          "type": "minecraft:item",
          "name": "minecraft:lime_shulker_box",
          "weight": 8,
          "functions": [
            {
              "function": "minecraft:set_name",
              "name": {
                "text": "Emerald box",
                "color": "green",
                "italic": false
              }
            },
            {
              "function": "minecraft:set_loot_table",
              "type": "minecraft:shulker_box",
              "name": "annihilation:emerald_box_vanilla"
            }
          ]
        },
        {
          "type": "minecraft:item",
          "name": "minecraft:chest",
          "weight": 1,
          "functions": [
            {
              "function": "minecraft:set_count",
              "count": {
                "min": 1,
                "max": 3
              }
            },
            {
              "function": "minecraft:set_name",
              "name": {
                "text": "Bastion treasure chest",
                "color": "aqua",
                "italic": false
              }
            },
            {
              "function": "minecraft:set_loot_table",
              "type": "minecraft:chest",
              "name": "minecraft:chests/bastion_treasure"
            }
          ]
        },
        {
          "type": "minecraft:item",
          "name": "chest",
          "weight": 1,
          "functions": [
            {
              "function": "minecraft:set_count",
              "count": {
                "min": 1,
                "max": 2
              }
            },
            {
              "function": "minecraft:set_name",
              "name": {
                "text": "Ominus vault reward chest",
                "color": "aqua",
                "italic": false
              }
            },
            {
              "function": "minecraft:set_loot_table",
              "type": "minecraft:chest",
              "name": "minecraft:chests/trial_chambers/reward_ominous"
            }
          ],
          "conditions": []
        },
        {
          "type": "minecraft:item",
          "name": "chest",
          "weight": 1,
          "functions": [
            {
              "function": "minecraft:set_count",
              "count": {
                "min": 1,
                "max": 3
              }
            },
            {
              "function": "minecraft:set_name",
              "name": {
                "text": "Stronghold library chest",
                "color": "aqua",
                "italic": false
              }
            },
            {
              "function": "minecraft:set_loot_table",
              "type": "minecraft:chest",
              "name": "minecraft:chests/stronghold_library"
            }
          ]
        }
      ]
    }
  ]
}