{
  "type": "minecraft:jigsaw",
  "biomes": [
    "minecraft:badlands",
    "minecraft:bamboo_jungle",
    "minecraft:beach",
    "minecraft:birch_forest",
    "minecraft:cold_ocean",
    "minecraft:dark_forest",
    "minecraft:deep_cold_ocean",
    "minecraft:deep_frozen_ocean",
    "minecraft:deep_lukewarm_ocean",
    "minecraft:deep_ocean",
    "minecraft:desert",
    "minecraft:dripstone_caves",
    "minecraft:deep_dark",
    "minecraft:eroded_badlands",
    "minecraft:flower_forest",
    "minecraft:forest",
    "minecraft:frozen_ocean",
    "minecraft:frozen_peaks",
    "minecraft:frozen_river",
    "minecraft:grove",
    "minecraft:ice_spikes",
    "minecraft:jagged_peaks",
    "minecraft:jungle",
    "minecraft:lukewarm_ocean",
    "minecraft:lush_caves",
    "minecraft:mangrove_swamp",
    "minecraft:meadow",
    "minecraft:mushroom_fields",
    "minecraft:ocean",
    "minecraft:old_growth_birch_forest",
    "minecraft:old_growth_pine_taiga",
    "minecraft:old_growth_spruce_taiga",
    "minecraft:plains",
    "minecraft:river",
    "minecraft:savanna",
    "minecraft:savanna_plateau",
    "minecraft:snowy_beach",
    "minecraft:snowy_plains",
    "minecraft:snowy_slopes",
    "minecraft:snowy_taiga",
    "minecraft:sparse_jungle",
    "minecraft:stony_peaks",
    "minecraft:stony_shore",
    "minecraft:sunflower_plains",
    "minecraft:swamp",
    "minecraft:taiga",
    "minecraft:warm_ocean",
    "minecraft:windswept_forest",
    "minecraft:windswept_gravelly_hills",
    "minecraft:windswept_hills",
    "minecraft:windswept_savanna",
    "minecraft:wooded_badlands"
  ],
  "step": "strongholds",
  "spawn_overrides": {},
  "terrain_adaptation": "bury",
  "start_pool": "vsrevamped:stronghold/portalroom",
  "size": 7,
  "start_height": {
    "type": "minecraft:uniform",
    "min_inclusive": {
      "absolute": -15
    },
    "max_inclusive": {
      "absolute": 15
    }
  },
  "max_distance_from_center": 100,
  "use_expansion_hack": false,
  "liquid_settings": "ignore_waterlogging"
}
