{
    "condition": "minecraft:entity_scores",
    "entity": "this",
    "scores": {
      "mobID": {
        "min": {
          "type": "minecraft:score",
          "target": {
            "type": "minecraft:fixed",
            "name": "*temp"
          },
          "score": "mobID"
        },
        "max": {
          "type": "minecraft:score",
          "target": {
            "type": "minecraft:fixed",
            "name": "*temp"
          },
          "score": "mobID"
        }
      }
    }
  }
  