{
    "display": {
      "icon": {
        "id": "minecraft:firework_star",
        "components": {
          "minecraft:custom_model_data": 2385702
        }
      },
      "title": {
        "translate": "adv.root.name",
        "fallback": "Desert Scourge"
      },
      "description": {
        "translate": "adv.root.desc",
        "fallback": "Made by Bimba"
      },
      "background": "minecraft:textures/block/sand.png",
      "show_toast": false,
      "announce_to_chat": false,
      "hidden": false
    },
    "criteria": {
      "requirement": {
        "trigger": "minecraft:tick"
      }
    }
  }
  