{
  "display": {
    "icon": {
      "id": "minecraft:goat_horn",
      "components": {
        "minecraft:custom_model_data": 2385701
      }
    },
    "title": {
      "translate": "adv.the_doom_horn.name",
      "fallback": "The Doom Horn"
    },
    "description": {
      "translate": "adv.the_doom_horn.desc",
      "fallback": "Use the Goat Horn on the Sand Tornado. Good luck..."
    },
    "show_toast": true,
    "announce_to_chat": true,
    "hidden": false
  },
  "parent": "desertscourge:root",
  "criteria": {
    "requirement": {
      "trigger": "minecraft:impossible"
    }
  }
}
