{
  "pools": [
    {
      "rolls": 1,
      "entries": [
        {
          "type": "minecraft:item",
          "name": "minecraft:firework_star",
          "functions": [
            {
              "function": "minecraft:set_name",
              "entity": "this",
              "target": "item_name",
              "name": {
                "translate": "item.amulet_of_winds.name"
              }
            },
            {
              "function": "minecraft:set_lore",
              "entity": "this",
              "lore": [
                {
                  "text": " "
                },
                {
                  "translate": "other.when_in_inventory",
                  "color": "gray",
                  "italic": false
                },
                {
                  "translate": "item.amulet_of_winds.lore",
                  "color": "dark_green",
                  "italic": false
                }
              ],
              "mode": "replace_all"
            },
            {
              "function": "minecraft:set_custom_data",
              "tag": "{amulet_of_winds:1}"
            },
            {
              "function": "minecraft:set_custom_model_data",
              "value": 2385707
            },
            {
              "function": "minecraft:set_components",
              "components": {
                "minecraft:max_stack_size": 1,
                "minecraft:max_damage": 75,
                "minecraft:damage": 0,
                "minecraft:rarity": "epic"
              }
            }
          ]
        }
      ]
    }
  ]
}
